"idpessoa","descNome","numCNPJ"
575717,Zeca Loteiro 575717,22662313000111
1522687,Zeca Loteiro 1522687,12612160000136
2791806,Zeca Loteiro 2791806,12515613000131
108746,Zeca Loteiro 108746,
793495,Zeca Loteiro 793495,56123633000010
1840589,Zeca Loteiro 1840589,
22537,Zeca Loteiro 22537,1661166000060
3185552,Zeca Loteiro 3185552,6003036000160
269858,Zeca Loteiro 269858,22163025000120
4518738,Zeca Loteiro 4518738,11262656000103
2313979,Zeca Loteiro 2313979,26636550000120
2021293,Zeca Loteiro 2021293,61611110000163
718213,Zeca Loteiro 718213,1610660000061
589883,Zeca Loteiro 589883,21361663000100
1730432,Zeca Loteiro 1730432,10011601000113
111524,Zeca Loteiro 111524,
2284085,Zeca Loteiro 2284085,12515613000131
1054083,Zeca Loteiro 1054083,11653515000115
1641263,Zeca Loteiro 1641263,
715,Zeca Loteiro 715,1030111000005
1997888,Zeca Loteiro 1997888,2033003000106
3289768,Zeca Loteiro 3289768,10153001000130
1972821,Zeca Loteiro 1972821,2016265000150
85437,Zeca Loteiro 85437,66606023051151
662616,Zeca Loteiro 662616,
3185430,Zeca Loteiro 3185430,22601025000106
1551667,Zeca Loteiro 1551667,
1528631,Zeca Loteiro 1528631,2160130000150
1125291,Zeca Loteiro 1125291,6262231000110
4099692,Zeca Loteiro 4099692,336263000130
1241082,Zeca Loteiro 1241082,3102000150
1532787,Zeca Loteiro 1532787,22005066000563
82006,Zeca Loteiro 82006,22311332000111
592,Zeca Loteiro 592,22565661000126
408642,Zeca Loteiro 408642,
1369636,Zeca Loteiro 1369636,6513233000165
1244567,Zeca Loteiro 1244567,261511062015
1341949,Zeca Loteiro 1341949,
3233742,Zeca Loteiro 3233742,6325211000100
422887,Zeca Loteiro 422887,
111496,Zeca Loteiro 111496,16605131000162
562844,Zeca Loteiro 562844,22060531000101
35663,Zeca Loteiro 35663,
3224827,Zeca Loteiro 3224827,22311335000110
592,Zeca Loteiro 592,22565661000126
1735129,Zeca Loteiro 1735129,116023000165
1282097,Zeca Loteiro 1282097,13053210000111
48865,Zeca Loteiro 48865,
85437,Zeca Loteiro 85437,66606023051151
1622293,Zeca Loteiro 1622293,21015633000112
2811170,Zeca Loteiro 2811170,6262310000100
793495,Zeca Loteiro 793495,56123633000010
2724289,Zeca Loteiro 2724289,33063633000161
44345,Zeca Loteiro 44345,
817535,Zeca Loteiro 817535,56131660000052
422166,Zeca Loteiro 422166,22501013000151
4066813,Zeca Loteiro 4066813,16256155000113
1221609,Zeca Loteiro 1221609,21613605000163
4102887,Zeca Loteiro 4102887,16636601000166
1627899,Zeca Loteiro 1627899,12316351000113
750875,Zeca Loteiro 750875,60316531000112
4720,Zeca Loteiro 4720,21050322000163
37604,Zeca Loteiro 37604,
44975,Zeca Loteiro 44975,230205000101
1232989,Zeca Loteiro 1232989,20163136000122
1724820,Zeca Loteiro 1724820,10601103000130
1201070,Zeca Loteiro 1201070,
422981,Zeca Loteiro 422981,
1347624,Zeca Loteiro 1347624,256661015316
1608007,Zeca Loteiro 1608007,33355262000150
1317620,Zeca Loteiro 1317620,
1339342,Zeca Loteiro 1339342,
637886,Zeca Loteiro 637886,56063666000050
552456,Zeca Loteiro 552456,
674746,Zeca Loteiro 674746,10130161000130
299,Zeca Loteiro 299,
845797,Zeca Loteiro 845797,1016010000102
215050,Zeca Loteiro 215050,16553563000160
3162465,Zeca Loteiro 3162465,2213210000105
793994,Zeca Loteiro 793994,
1993431,Zeca Loteiro 1993431,6631010000162
12860,Zeca Loteiro 12860,16610000000111
307,Zeca Loteiro 307,
3314265,Zeca Loteiro 3314265,21355033000156
1756334,Zeca Loteiro 1756334,6606632000160
1051279,Zeca Loteiro 1051279,16601560000106
751292,Zeca Loteiro 751292,6536666000105
2325411,Zeca Loteiro 2325411,2523322000100
1054493,Zeca Loteiro 1054493,11506116000166
91884,Zeca Loteiro 91884,66606023000110
298276,Zeca Loteiro 298276,20335253000156
17352,Zeca Loteiro 17352,16136331000115
940323,Zeca Loteiro 940323,3333331000131
1767199,Zeca Loteiro 1767199,
1060011,Zeca Loteiro 1060011,3630006000103
639657,Zeca Loteiro 639657,1030020000005
793495,Zeca Loteiro 793495,56123633000010
17352,Zeca Loteiro 17352,16136331000115
1819787,Zeca Loteiro 1819787,
2484109,Zeca Loteiro 2484109,2160130000150
150179,Zeca Loteiro 150179,22050121000112
1136367,Zeca Loteiro 1136367,22216062000122
19010,Zeca Loteiro 19010,16163321000133
447880,Zeca Loteiro 447880,25310106000156
1229985,Zeca Loteiro 1229985,
72249,Zeca Loteiro 72249,
864668,Zeca Loteiro 864668,633526000105
16463,Zeca Loteiro 16463,
1616842,Zeca Loteiro 1616842,16665001000103
793495,Zeca Loteiro 793495,56123633000010
1698302,Zeca Loteiro 1698302,
793495,Zeca Loteiro 793495,56123633000010
1717721,Zeca Loteiro 1717721,11305100000103
492694,Zeca Loteiro 492694,20001251000151
777695,Zeca Loteiro 777695,22321360000101
27204,Zeca Loteiro 27204,
71,Zeca Loteiro 71,
3635,Zeca Loteiro 3635,300655000010
793495,Zeca Loteiro 793495,56123633000010
640284,Zeca Loteiro 640284,616363000133
1939306,Zeca Loteiro 1939306,3512300000160
209,Zeca Loteiro 209,22362603000605
1235275,Zeca Loteiro 1235275,66106620000631
1974531,Zeca Loteiro 1974531,6152122000106
1636197,Zeca Loteiro 1636197,10216030000110
1717708,Zeca Loteiro 1717708,5630303001500
843168,Zeca Loteiro 843168,26161113000100
2003731,Zeca Loteiro 2003731,16121036000111
1528631,Zeca Loteiro 1528631,2160130000150
2199578,Zeca Loteiro 2199578,2160130000150
2492737,Zeca Loteiro 2492737,2160130000150
1707539,Zeca Loteiro 1707539,5611651000125
3279540,Zeca Loteiro 3279540,16365313000166
3235765,Zeca Loteiro 3235765,2051135000120
1096213,Zeca Loteiro 1096213,20300262000105
638570,Zeca Loteiro 638570,6610261000060
750521,Zeca Loteiro 750521,33010015000160
933939,Zeca Loteiro 933939,513161000161
911339,Zeca Loteiro 911339,16365000155
4074342,Zeca Loteiro 4074342,63550103000153
411089,Zeca Loteiro 411089,63600260000103
793495,Zeca Loteiro 793495,56123633000010
1302491,Zeca Loteiro 1302491,
1297698,Zeca Loteiro 1297698,6155003000100
35655,Zeca Loteiro 35655,
2256649,Zeca Loteiro 2256649,65200303000110
4511764,Zeca Loteiro 4511764,533636000161
112845,Zeca Loteiro 112845,22565661000126
258223,Zeca Loteiro 258223,16536360000100
137,Zeca Loteiro 137,22113103000130
1742097,Zeca Loteiro 1742097,6156110000103
4025,Zeca Loteiro 4025,1100325000001
2745686,Zeca Loteiro 2745686,203020000151
636644,Zeca Loteiro 636644,256661015316
1339552,Zeca Loteiro 1339552,
700066,Zeca Loteiro 700066,6030121000106
723461,Zeca Loteiro 723461,22503626000111
2471363,Zeca Loteiro 2471363,2110566000150
287912,Zeca Loteiro 287912,
112845,Zeca Loteiro 112845,22565661000126
85437,Zeca Loteiro 85437,66606023051151
3181163,Zeca Loteiro 3181163,11600162
48723,Zeca Loteiro 48723,
640471,Zeca Loteiro 640471,22511251000620
1085419,Zeca Loteiro 1085419,26563613000130
636644,Zeca Loteiro 636644,256661015316
2288611,Zeca Loteiro 2288611,66631016000120
2984054,Zeca Loteiro 2984054,22652100000123
627012,Zeca Loteiro 627012,160531000011
1852133,Zeca Loteiro 1852133,
2303039,Zeca Loteiro 2303039,6325211000100
142,Zeca Loteiro 142,6611210
1209677,Zeca Loteiro 1209677,3060103000116
2790464,Zeca Loteiro 2790464,12515613000131
40905,Zeca Loteiro 40905,1110022000050
85437,Zeca Loteiro 85437,66606023051151
1792248,Zeca Loteiro 1792248,
597512,Zeca Loteiro 597512,16130265000131
2111268,Zeca Loteiro 2111268,11025610000160
640471,Zeca Loteiro 640471,22511251000620
4103060,Zeca Loteiro 4103060,3631130000113
624244,Zeca Loteiro 624244,1330563000030
4082139,Zeca Loteiro 4082139,3360656000116
2784720,Zeca Loteiro 2784720,13103603000110
275261,Zeca Loteiro 275261,63003061000131
339145,Zeca Loteiro 339145,
3553777,Zeca Loteiro 3553777,16530311000103
562844,Zeca Loteiro 562844,22060531000101
801498,Zeca Loteiro 801498,261130001112
605526,Zeca Loteiro 605526,22036025000116
749077,Zeca Loteiro 749077,16163305000156
779946,Zeca Loteiro 779946,60323065000133
1328104,Zeca Loteiro 1328104,
3540223,Zeca Loteiro 3540223,66606023000101
3259032,Zeca Loteiro 3259032,66606023000110
390362,Zeca Loteiro 390362,
914342,Zeca Loteiro 914342,22663001000121
3900,Zeca Loteiro 3900,
2267583,Zeca Loteiro 2267583,22312226000106
2268782,Zeca Loteiro 2268782,12003110000160
2072816,Zeca Loteiro 2072816,
2809674,Zeca Loteiro 2809674,2160130000150
1338073,Zeca Loteiro 1338073,
8782,Zeca Loteiro 8782,
608439,Zeca Loteiro 608439,33315510000166
3361195,Zeca Loteiro 3361195,22502651000113
639925,Zeca Loteiro 639925,
833040,Zeca Loteiro 833040,10216665000103
4082311,Zeca Loteiro 4082311,61003235201
3543393,Zeca Loteiro 3543393,20613106000112
1843441,Zeca Loteiro 1843441,
206801,Zeca Loteiro 206801,20155361000100
1496716,Zeca Loteiro 1496716,
2030251,Zeca Loteiro 2030251,
749031,Zeca Loteiro 749031,10101105000160
2021032,Zeca Loteiro 2021032,500316000151
826751,Zeca Loteiro 826751,5312336000111
1939451,Zeca Loteiro 1939451,16102053000130
818585,Zeca Loteiro 818585,1311313000100
85437,Zeca Loteiro 85437,66606023051151
667590,Zeca Loteiro 667590,33300510000160
1808953,Zeca Loteiro 1808953,22025523000100
775885,Zeca Loteiro 775885,22113103000130
346930,Zeca Loteiro 346930,
636152,Zeca Loteiro 636152,66606023000110
608424,Zeca Loteiro 608424,22161663000106
1241562,Zeca Loteiro 1241562,636600000110
85437,Zeca Loteiro 85437,66606023051151
1136321,Zeca Loteiro 1136321,22216062000122
563066,Zeca Loteiro 563066,10116503000162
1817847,Zeca Loteiro 1817847,6060661000066
912405,Zeca Loteiro 912405,2333625000160
48724,Zeca Loteiro 48724,
1304153,Zeca Loteiro 1304153,22113103000130
48724,Zeca Loteiro 48724,
1612045,Zeca Loteiro 1612045,10336513000116
2311575,Zeca Loteiro 2311575,565233000162
3685,Zeca Loteiro 3685,
3391834,Zeca Loteiro 3391834,6010166000133
2267154,Zeca Loteiro 2267154,6033060000133
21619,Zeca Loteiro 21619,
1927589,Zeca Loteiro 1927589,10302631000156
1744665,Zeca Loteiro 1744665,16600302000152
424521,Zeca Loteiro 424521,21025305000163
931996,Zeca Loteiro 931996,22000360000611
1240653,Zeca Loteiro 1240653,1103560000125
775885,Zeca Loteiro 775885,22113103000130
4073248,Zeca Loteiro 4073248,11160606000110
85437,Zeca Loteiro 85437,66606023051151
1528631,Zeca Loteiro 1528631,2160130000150
1982683,Zeca Loteiro 1982683,16510603000115
2147425,Zeca Loteiro 2147425,61356000136
9953,Zeca Loteiro 9953,22106635000133
1755459,Zeca Loteiro 1755459,2611303000113
19010,Zeca Loteiro 19010,16163321000133
1183487,Zeca Loteiro 1183487,22565661000126
85437,Zeca Loteiro 85437,66606023051151
925951,Zeca Loteiro 925951,22063003000133
801504,Zeca Loteiro 801504,16163300000101
637886,Zeca Loteiro 637886,56063666000050
575717,Zeca Loteiro 575717,22662313000111
1485667,Zeca Loteiro 1485667,66606023051151
3223428,Zeca Loteiro 3223428,13663351000130
1051689,Zeca Loteiro 1051689,66606023000110
1622623,Zeca Loteiro 1622623,26510001
4075113,Zeca Loteiro 4075113,15123303000120
865032,Zeca Loteiro 865032,60053610000116
1241562,Zeca Loteiro 1241562,636600000110
1460892,Zeca Loteiro 1460892,
17352,Zeca Loteiro 17352,16136331000115
3398324,Zeca Loteiro 3398324,15365601000160
844646,Zeca Loteiro 844646,1333501000133
1233627,Zeca Loteiro 1233627,1321566000161
911412,Zeca Loteiro 911412,501616000101
111819,Zeca Loteiro 111819,
1224457,Zeca Loteiro 1224457,
793994,Zeca Loteiro 793994,
21941,Zeca Loteiro 21941,1310500000005
862759,Zeca Loteiro 862759,3011030000163
2280697,Zeca Loteiro 2280697,12515613000131
410844,Zeca Loteiro 410844,60051020000120
1518431,Zeca Loteiro 1518431,
1149447,Zeca Loteiro 1149447,16531163000160
674290,Zeca Loteiro 674290,
633322,Zeca Loteiro 633322,1200300000033
2691490,Zeca Loteiro 2691490,66606023000110
2291677,Zeca Loteiro 2291677,13313061000112
3181010,Zeca Loteiro 3181010,6366606000105
1475911,Zeca Loteiro 1475911,
2482193,Zeca Loteiro 2482193,2160130000150
772908,Zeca Loteiro 772908,16163022000113
2909137,Zeca Loteiro 2909137,26101555000166
3188410,Zeca Loteiro 3188410,66230066000136
723636,Zeca Loteiro 723636,22066131000115
1761977,Zeca Loteiro 1761977,
70113,Zeca Loteiro 70113,66303610000106
1732710,Zeca Loteiro 1732710,6501536000151
3196221,Zeca Loteiro 3196221,10101105000160
1759863,Zeca Loteiro 1759863,22120363000151
562844,Zeca Loteiro 562844,22060531000101
8488,Zeca Loteiro 8488,22316505000166
1220936,Zeca Loteiro 1220936,63161301000120
94644,Zeca Loteiro 94644,22010661000100
875128,Zeca Loteiro 875128,1311306000100
1522687,Zeca Loteiro 1522687,12612160000136
1507506,Zeca Loteiro 1507506,163632660
749031,Zeca Loteiro 749031,10101105000160
3182214,Zeca Loteiro 3182214,33630350133
85437,Zeca Loteiro 85437,66606023051151
1740038,Zeca Loteiro 1740038,1126501000112
112845,Zeca Loteiro 112845,22565661000126
3344759,Zeca Loteiro 3344759,61210530000120
1988354,Zeca Loteiro 1988354,3031135000126
781534,Zeca Loteiro 781534,22125012000160
3338839,Zeca Loteiro 3338839,2551600000630
4457377,Zeca Loteiro 4457377,16150133000123
934513,Zeca Loteiro 934513,6616606000115
2413716,Zeca Loteiro 2413716,22626236000100
85437,Zeca Loteiro 85437,66606023051151
3468773,Zeca Loteiro 3468773,2036621000156
85437,Zeca Loteiro 85437,66606023051151
2453288,Zeca Loteiro 2453288,22662313000111
908335,Zeca Loteiro 908335,21100606001100
1242010,Zeca Loteiro 1242010,3230303000166
749031,Zeca Loteiro 749031,10101105000160
179815,Zeca Loteiro 179815,
740888,Zeca Loteiro 740888,
1055182,Zeca Loteiro 1055182,22302110000166
20220,Zeca Loteiro 20220,
112845,Zeca Loteiro 112845,22565661000126
686114,Zeca Loteiro 686114,6130013000003
635807,Zeca Loteiro 635807,1311501000000
1241269,Zeca Loteiro 1241269,6635361000133
1937411,Zeca Loteiro 1937411,10250363000102
884949,Zeca Loteiro 884949,22366330000132
529788,Zeca Loteiro 529788,16563061000136
828439,Zeca Loteiro 828439,3160006000112
3798601,Zeca Loteiro 3798601,22502651000113
487483,Zeca Loteiro 487483,
2472645,Zeca Loteiro 2472645,5115531000166
2132434,Zeca Loteiro 2132434,
778886,Zeca Loteiro 778886,1000000130
2830135,Zeca Loteiro 2830135,2160130000150
1804277,Zeca Loteiro 1804277,
777089,Zeca Loteiro 777089,63013322000111
4500244,Zeca Loteiro 4500244,3633052000136
1191931,Zeca Loteiro 1191931,22662313000111
2343341,Zeca Loteiro 2343341,22502651000113
1468093,Zeca Loteiro 1468093,
24942,Zeca Loteiro 24942,22565260000111
749031,Zeca Loteiro 749031,10101105000160
557626,Zeca Loteiro 557626,22036006000131
112845,Zeca Loteiro 112845,22565661000126
557514,Zeca Loteiro 557514,60630010000166
4102917,Zeca Loteiro 4102917,15123303000120
3372196,Zeca Loteiro 3372196,22512056000153
3223207,Zeca Loteiro 3223207,13663351000130
63241,Zeca Loteiro 63241,66606023000110
1195828,Zeca Loteiro 1195828,22666100000116
4122,Zeca Loteiro 4122,22511251000153
825425,Zeca Loteiro 825425,66106620000130
776497,Zeca Loteiro 776497,22213060000110
1237691,Zeca Loteiro 1237691,2551600000630
38015,Zeca Loteiro 38015,
401721,Zeca Loteiro 401721,
112845,Zeca Loteiro 112845,22565661000126
2795797,Zeca Loteiro 2795797,12515613000131
8228,Zeca Loteiro 8228,
62500,Zeca Loteiro 62500,66351005000106
1243323,Zeca Loteiro 1243323,300613000100
1240625,Zeca Loteiro 1240625,3666121000121
3797112,Zeca Loteiro 3797112,33626315015
749031,Zeca Loteiro 749031,10101105000160
3326735,Zeca Loteiro 3326735,10310610000131
2267029,Zeca Loteiro 2267029,6003030000110
1755176,Zeca Loteiro 1755176,3511030000166
718213,Zeca Loteiro 718213,1610660000061
2494463,Zeca Loteiro 2494463,16636601000166
4081574,Zeca Loteiro 4081574,22662313000111
1996273,Zeca Loteiro 1996273,61623006000133
750819,Zeca Loteiro 750819,2333032000121
1965015,Zeca Loteiro 1965015,2316126000131
3582449,Zeca Loteiro 3582449,311112000136
230098,Zeca Loteiro 230098,
595,Zeca Loteiro 595,
884532,Zeca Loteiro 884532,3220050000120
107365,Zeca Loteiro 107365,22536205000103
4099591,Zeca Loteiro 4099591,21033103000136
2108097,Zeca Loteiro 2108097,22662115000112
575717,Zeca Loteiro 575717,22662313000111
659565,Zeca Loteiro 659565,
213993,Zeca Loteiro 213993,20331111000100
636644,Zeca Loteiro 636644,256661015316
2445210,Zeca Loteiro 2445210,3535060000133
7536,Zeca Loteiro 7536,
723331,Zeca Loteiro 723331,6610261000060
421148,Zeca Loteiro 421148,10101105000160
793495,Zeca Loteiro 793495,56123633000010
17352,Zeca Loteiro 17352,16136331000115
1054629,Zeca Loteiro 1054629,
1846827,Zeca Loteiro 1846827,
877134,Zeca Loteiro 877134,3602100000163
424486,Zeca Loteiro 424486,63662610000110
4509707,Zeca Loteiro 4509707,11220052000135
124734,Zeca Loteiro 124734,
107469,Zeca Loteiro 107469,
778601,Zeca Loteiro 778601,6655523000132
671052,Zeca Loteiro 671052,22063011000100
1230889,Zeca Loteiro 1230889,22152026000103
526511,Zeca Loteiro 526511,
803098,Zeca Loteiro 803098,5663600000111
729,Zeca Loteiro 729,15252106
1194538,Zeca Loteiro 1194538,
476559,Zeca Loteiro 476559,
2046974,Zeca Loteiro 2046974,
774591,Zeca Loteiro 774591,10101105000160
1635587,Zeca Loteiro 1635587,
714699,Zeca Loteiro 714699,23133031000101
639192,Zeca Loteiro 639192,160652000063
2777668,Zeca Loteiro 2777668,11161661000126
379329,Zeca Loteiro 379329,22650360000160
1051389,Zeca Loteiro 1051389,6000115000150
3467,Zeca Loteiro 3467,
523949,Zeca Loteiro 523949,
793495,Zeca Loteiro 793495,56123633000010
66,Zeca Loteiro 66,61011000010
112845,Zeca Loteiro 112845,22565661000126
1528631,Zeca Loteiro 1528631,2160130000150
666638,Zeca Loteiro 666638,
2085115,Zeca Loteiro 2085115,15366635000103
108653,Zeca Loteiro 108653,60053610000116
2255681,Zeca Loteiro 2255681,10621011000160
2014517,Zeca Loteiro 2014517,16621230000111
112848,Zeca Loteiro 112848,
776141,Zeca Loteiro 776141,21110021000136
832069,Zeca Loteiro 832069,2551600000630
1747141,Zeca Loteiro 1747141,22663000000103
699019,Zeca Loteiro 699019,63066010000130
3230311,Zeca Loteiro 3230311,22502651000113
562844,Zeca Loteiro 562844,22060531000101
471103,Zeca Loteiro 471103,
1648207,Zeca Loteiro 1648207,
1939531,Zeca Loteiro 1939531,10513306000103
562844,Zeca Loteiro 562844,22060531000101
60751,Zeca Loteiro 60751,160531000011
3233026,Zeca Loteiro 3233026,22531316000135
85437,Zeca Loteiro 85437,66606023051151
626383,Zeca Loteiro 626383,10210000000
16184,Zeca Loteiro 16184,
723439,Zeca Loteiro 723439,1335062000123
2487405,Zeca Loteiro 2487405,2551600000101
245573,Zeca Loteiro 245573,
876562,Zeca Loteiro 876562,16135113000156
2075584,Zeca Loteiro 2075584,
1729051,Zeca Loteiro 1729051,320160000160
934968,Zeca Loteiro 934968,3631663000110
718213,Zeca Loteiro 718213,1610660000061
718213,Zeca Loteiro 718213,1610660000061
1713373,Zeca Loteiro 1713373,16115315000116
1354449,Zeca Loteiro 1354449,3633011000105
3329883,Zeca Loteiro 3329883,20605166000100
699545,Zeca Loteiro 699545,606010000106
48724,Zeca Loteiro 48724,
1240016,Zeca Loteiro 1240016,3202333000110
38015,Zeca Loteiro 38015,
2491057,Zeca Loteiro 2491057,2160130000150
1963889,Zeca Loteiro 1963889,16060301000165
455054,Zeca Loteiro 455054,22662313000111
2681118,Zeca Loteiro 2681118,303610000111
2055543,Zeca Loteiro 2055543,22031201000101
236717,Zeca Loteiro 236717,63100005000152
1528631,Zeca Loteiro 1528631,2160130000150
7303,Zeca Loteiro 7303,
778000,Zeca Loteiro 778000,1133625000101
1195077,Zeca Loteiro 1195077,
465202,Zeca Loteiro 465202,16510601000113
634612,Zeca Loteiro 634612,1530605000062
22537,Zeca Loteiro 22537,1661166000060
16963,Zeca Loteiro 16963,1011625000006
329650,Zeca Loteiro 329650,
845027,Zeca Loteiro 845027,60121023000130
4073661,Zeca Loteiro 4073661,26100061000122
924877,Zeca Loteiro 924877,22106635001056
3334935,Zeca Loteiro 3334935,135266000155
1207882,Zeca Loteiro 1207882,11363612000165
1063402,Zeca Loteiro 1063402,
3092966,Zeca Loteiro 3092966,616656000110
2280061,Zeca Loteiro 2280061,12515613000131
379325,Zeca Loteiro 379325,22650360000160
4542744,Zeca Loteiro 4542744,1323635000106
845,Zeca Loteiro 845,1000010000005
2268900,Zeca Loteiro 2268900,65635621000161
775885,Zeca Loteiro 775885,22113103000130
1703405,Zeca Loteiro 1703405,2016200000136
94644,Zeca Loteiro 94644,22010661000100
3245577,Zeca Loteiro 3245577,635626000162
422887,Zeca Loteiro 422887,
2818978,Zeca Loteiro 2818978,311660000106
1551655,Zeca Loteiro 1551655,
455054,Zeca Loteiro 455054,22662313000111
1064609,Zeca Loteiro 1064609,
638231,Zeca Loteiro 638231,
85437,Zeca Loteiro 85437,66606023051151
2691773,Zeca Loteiro 2691773,66606023000110
624244,Zeca Loteiro 624244,1330563000030
12830,Zeca Loteiro 12830,22051363000166
843530,Zeca Loteiro 843530,6130366000110
410946,Zeca Loteiro 410946,16633333000165
1198774,Zeca Loteiro 1198774,
749031,Zeca Loteiro 749031,10101105000160
15565,Zeca Loteiro 15565,22033313000132
40023,Zeca Loteiro 40023,1610156000016
2957710,Zeca Loteiro 2957710,22502651000113
930415,Zeca Loteiro 930415,26033633000116
447268,Zeca Loteiro 447268,161133610
408648,Zeca Loteiro 408648,16221020000101
5560,Zeca Loteiro 5560,16633001000162
636642,Zeca Loteiro 636642,1600161000016
749288,Zeca Loteiro 749288,1515363000100
1528631,Zeca Loteiro 1528631,2160130000150
874392,Zeca Loteiro 874392,1616131000150
1240625,Zeca Loteiro 1240625,3666121000121
801560,Zeca Loteiro 801560,22031232000130
1233627,Zeca Loteiro 1233627,1321566000161
3238160,Zeca Loteiro 3238160,66631016000120
1715611,Zeca Loteiro 1715611,260005000105
1193315,Zeca Loteiro 1193315,
632532,Zeca Loteiro 632532,1120213000006
106572,Zeca Loteiro 106572,22013603000120
1216404,Zeca Loteiro 1216404,3611106000160
298560,Zeca Loteiro 298560,21010662000106
620395,Zeca Loteiro 620395,200056000035
723525,Zeca Loteiro 723525,10101105000160
1454731,Zeca Loteiro 1454731,
1376087,Zeca Loteiro 1376087,15220100000101
700795,Zeca Loteiro 700795,33316633000166
1477784,Zeca Loteiro 1477784,
543234,Zeca Loteiro 543234,20111550000161
3210699,Zeca Loteiro 3210699,63661553000162
85437,Zeca Loteiro 85437,66606023051151
485447,Zeca Loteiro 485447,
27072,Zeca Loteiro 27072,22130360000102
2119194,Zeca Loteiro 2119194,22000213000123
4102173,Zeca Loteiro 4102173,22502651000113
1147596,Zeca Loteiro 1147596,22662313000111
85437,Zeca Loteiro 85437,66606023051151
1980932,Zeca Loteiro 1980932,6613321000160
864544,Zeca Loteiro 864544,6365221000163
1522687,Zeca Loteiro 1522687,12612160000136
83004,Zeca Loteiro 83004,22316505000166
2022262,Zeca Loteiro 2022262,6110303000130
2690920,Zeca Loteiro 2690920,21063213000102
206,Zeca Loteiro 206,
2569,Zeca Loteiro 2569,
1986455,Zeca Loteiro 1986455,10632615000101
3274648,Zeca Loteiro 3274648,15301331000103
1752345,Zeca Loteiro 1752345,
1469790,Zeca Loteiro 1469790,310355000052
881771,Zeca Loteiro 881771,22332332000113
455054,Zeca Loteiro 455054,22662313000111
1523468,Zeca Loteiro 1523468,
311485,Zeca Loteiro 311485,22313153000136
85437,Zeca Loteiro 85437,66606023051151
3327767,Zeca Loteiro 3327767,66631016000120
636644,Zeca Loteiro 636644,256661015316
215069,Zeca Loteiro 215069,16131556000106
3306180,Zeca Loteiro 3306180,305110000113
2789956,Zeca Loteiro 2789956,12515613000131
179169,Zeca Loteiro 179169,22565661000126
526478,Zeca Loteiro 526478,6060661000066
1447969,Zeca Loteiro 1447969,31365305000131
249330,Zeca Loteiro 249330,
13115,Zeca Loteiro 13115,
14184,Zeca Loteiro 14184,
1291088,Zeca Loteiro 1291088,
3795067,Zeca Loteiro 3795067,33300510000160
636081,Zeca Loteiro 636081,1600031000060
635638,Zeca Loteiro 635638,22512056000153
1342573,Zeca Loteiro 1342573,
666880,Zeca Loteiro 666880,
793495,Zeca Loteiro 793495,56123633000010
822502,Zeca Loteiro 822502,23165151000106
820278,Zeca Loteiro 820278,22602232000136
5713,Zeca Loteiro 5713,22612656000603
375708,Zeca Loteiro 375708,
229508,Zeca Loteiro 229508,
675139,Zeca Loteiro 675139,1155000000103
1238178,Zeca Loteiro 1238178,10101105000160
4101821,Zeca Loteiro 4101821,11636610000101
2285403,Zeca Loteiro 2285403,12515613000131
330411,Zeca Loteiro 330411,
699963,Zeca Loteiro 699963,60130565000130
2024708,Zeca Loteiro 2024708,12622303000116
749288,Zeca Loteiro 749288,1515363000100
1310130,Zeca Loteiro 1310130,
2091528,Zeca Loteiro 2091528,
3182814,Zeca Loteiro 3182814,21105605000152
1528631,Zeca Loteiro 1528631,2160130000150
638905,Zeca Loteiro 638905,1050362000001
543666,Zeca Loteiro 543666,22661032000163
1724688,Zeca Loteiro 1724688,63633000236
1214893,Zeca Loteiro 1214893,22216062002100
2691782,Zeca Loteiro 2691782,66606023000110
3197224,Zeca Loteiro 3197224,10100561000111
2830775,Zeca Loteiro 2830775,2160130000150
1816148,Zeca Loteiro 1816148,
1935878,Zeca Loteiro 1935878,22630303000131
1164800,Zeca Loteiro 1164800,16121663000161
1234773,Zeca Loteiro 1234773,16621005000166
1239824,Zeca Loteiro 1239824,22526101000122
47281,Zeca Loteiro 47281,22333306000163
3150654,Zeca Loteiro 3150654,13350630000151
1610723,Zeca Loteiro 1610723,5631223000130
636644,Zeca Loteiro 636644,256661015316
4508093,Zeca Loteiro 4508093,6103032000100
3555711,Zeca Loteiro 3555711,16530311000103
1992994,Zeca Loteiro 1992994,320606000121
1051689,Zeca Loteiro 1051689,66606023000110
47595,Zeca Loteiro 47595,
1323920,Zeca Loteiro 1323920,
2319603,Zeca Loteiro 2319603,3011030000163
1216404,Zeca Loteiro 1216404,3611106000160
3326193,Zeca Loteiro 3326193,635626000162
644317,Zeca Loteiro 644317,60161155000111
3146508,Zeca Loteiro 3146508,2160130000150
2470721,Zeca Loteiro 2470721,63161303000103
766957,Zeca Loteiro 766957,22366215000163
726224,Zeca Loteiro 726224,6510536000152
862759,Zeca Loteiro 862759,3011030000163
1783191,Zeca Loteiro 1783191,1110633000000
2282397,Zeca Loteiro 2282397,12515613000131
1285580,Zeca Loteiro 1285580,
1836698,Zeca Loteiro 1836698,
112845,Zeca Loteiro 112845,22565661000126
85437,Zeca Loteiro 85437,66606023051151
2053472,Zeca Loteiro 2053472,
636644,Zeca Loteiro 636644,256661015316
8546,Zeca Loteiro 8546,
750439,Zeca Loteiro 750439,1353626000113
793495,Zeca Loteiro 793495,56123633000010
214930,Zeca Loteiro 214930,21601023000566
844698,Zeca Loteiro 844698,33316202000150
375683,Zeca Loteiro 375683,60366001000110
841432,Zeca Loteiro 841432,30116656000250
58600,Zeca Loteiro 58600,
843530,Zeca Loteiro 843530,6130366000110
667669,Zeca Loteiro 667669,6101316000001
3237,Zeca Loteiro 3237,22662313000111
365506,Zeca Loteiro 365506,36162336006500
638757,Zeca Loteiro 638757,1011625000006
1051689,Zeca Loteiro 1051689,66606023000110
1963018,Zeca Loteiro 1963018,12020663000103
1642891,Zeca Loteiro 1642891,
1996509,Zeca Loteiro 1996509,66363333000133
85437,Zeca Loteiro 85437,66606023051151
1940270,Zeca Loteiro 1940270,16606355000165
1726401,Zeca Loteiro 1726401,20301010000120
749031,Zeca Loteiro 749031,10101105000160
4502057,Zeca Loteiro 4502057,5165052000111
3325911,Zeca Loteiro 3325911,565233000162
884532,Zeca Loteiro 884532,3220050000120
684554,Zeca Loteiro 684554,33553661000600
1136853,Zeca Loteiro 1136853,16163022000113
793495,Zeca Loteiro 793495,56123633000010
636644,Zeca Loteiro 636644,256661015316
16470,Zeca Loteiro 16470,
631,Zeca Loteiro 631,60355101000116
4101589,Zeca Loteiro 4101589,63616223000166
1054059,Zeca Loteiro 1054059,
1521673,Zeca Loteiro 1521673,3035301000116
247776,Zeca Loteiro 247776,
775885,Zeca Loteiro 775885,22113103000130
793495,Zeca Loteiro 793495,56123633000010
2845715,Zeca Loteiro 2845715,2113115000115
1755171,Zeca Loteiro 1755171,16303303000160
2656355,Zeca Loteiro 2656355,22663005000162
1153923,Zeca Loteiro 1153923,66111652000103
1316891,Zeca Loteiro 1316891,
1688572,Zeca Loteiro 1688572,
3179945,Zeca Loteiro 3179945,1610350000160
2023956,Zeca Loteiro 2023956,10126550000130
3519150,Zeca Loteiro 3519150,31301116000113
686307,Zeca Loteiro 686307,
801498,Zeca Loteiro 801498,261130001112
3555881,Zeca Loteiro 3555881,22030153000100
1369636,Zeca Loteiro 1369636,6513233000165
801498,Zeca Loteiro 801498,261130001112
778584,Zeca Loteiro 778584,33310366000103
3467397,Zeca Loteiro 3467397,20031116000165
3222706,Zeca Loteiro 3222706,13663351000130
112845,Zeca Loteiro 112845,22565661000126
633071,Zeca Loteiro 633071,1620666000000
1059895,Zeca Loteiro 1059895,
1339377,Zeca Loteiro 1339377,
2297461,Zeca Loteiro 2297461,16102053000130
4104082,Zeca Loteiro 4104082,21033103000136
4072932,Zeca Loteiro 4072932,22502651000113
1424,Zeca Loteiro 1424,
2832797,Zeca Loteiro 2832797,2160130000150
623259,Zeca Loteiro 623259,1200161000020
843860,Zeca Loteiro 843860,5663650000165
3797412,Zeca Loteiro 3797412,16603236033
242479,Zeca Loteiro 242479,6301161000113
638570,Zeca Loteiro 638570,6610261000060
793495,Zeca Loteiro 793495,56123633000010
666589,Zeca Loteiro 666589,
1240445,Zeca Loteiro 1240445,3220050000120
793495,Zeca Loteiro 793495,56123633000010
564396,Zeca Loteiro 564396,22166010000101
749031,Zeca Loteiro 749031,10101105000160
90811,Zeca Loteiro 90811,
3440718,Zeca Loteiro 3440718,66361065000150
1717721,Zeca Loteiro 1717721,11305100000103
1775715,Zeca Loteiro 1775715,
3293320,Zeca Loteiro 3293320,11336002000165
28619,Zeca Loteiro 28619,
8716,Zeca Loteiro 8716,631112000005
4074501,Zeca Loteiro 4074501,11315661000166
1071369,Zeca Loteiro 1071369,3166363000201
700746,Zeca Loteiro 700746,66660110000151
1718605,Zeca Loteiro 1718605,6061305000161
925083,Zeca Loteiro 925083,22111032000666
793495,Zeca Loteiro 793495,56123633000010
1376608,Zeca Loteiro 1376608,6000660000120
751869,Zeca Loteiro 751869,6006103000133
749077,Zeca Loteiro 749077,16163305000156
2138219,Zeca Loteiro 2138219,1011625000006
636644,Zeca Loteiro 636644,256661015316
1742097,Zeca Loteiro 1742097,6156110000103
2544766,Zeca Loteiro 2544766,11606526000130
638570,Zeca Loteiro 638570,6610261000060
1740330,Zeca Loteiro 1740330,3626216000115
2137589,Zeca Loteiro 2137589,22112630000120
3132632,Zeca Loteiro 3132632,135266000155
597974,Zeca Loteiro 597974,2062606000162
227226,Zeca Loteiro 227226,21115205000131
1685326,Zeca Loteiro 1685326,256661000110
700533,Zeca Loteiro 700533,2026016000156
4075620,Zeca Loteiro 4075620,23003601000101
8495,Zeca Loteiro 8495,66361065000150
3170868,Zeca Loteiro 3170868,20220526000100
8546,Zeca Loteiro 8546,
638905,Zeca Loteiro 638905,1050362000001
2053437,Zeca Loteiro 2053437,
1196994,Zeca Loteiro 1196994,
1734431,Zeca Loteiro 1734431,3113351000136
1182255,Zeca Loteiro 1182255,
1237768,Zeca Loteiro 1237768,5311016000113
4080943,Zeca Loteiro 4080943,16136331000115
779919,Zeca Loteiro 779919,5060651000131
796756,Zeca Loteiro 796756,612010000166
864835,Zeca Loteiro 864835,26160330000106
864550,Zeca Loteiro 864550,5035312000663
242149,Zeca Loteiro 242149,
1795003,Zeca Loteiro 1795003,
1610589,Zeca Loteiro 1610589,5160610000105
1447969,Zeca Loteiro 1447969,31365305000131
667590,Zeca Loteiro 667590,33300510000160
627361,Zeca Loteiro 627361,16125121000111
2790074,Zeca Loteiro 2790074,12515613000131
1327933,Zeca Loteiro 1327933,
85437,Zeca Loteiro 85437,66606023051151
1734384,Zeca Loteiro 1734384,511161000121
1500926,Zeca Loteiro 1500926,
2819246,Zeca Loteiro 2819246,563566000133
4083435,Zeca Loteiro 4083435,6663203000100
48526,Zeca Loteiro 48526,22031201000101
4096181,Zeca Loteiro 4096181,36306003060
1354590,Zeca Loteiro 1354590,22360661000162
2831755,Zeca Loteiro 2831755,2160130000150
1528631,Zeca Loteiro 1528631,2160130000150
592,Zeca Loteiro 592,22565661000126
3283258,Zeca Loteiro 3283258,10620105000160
767408,Zeca Loteiro 767408,56111036000003
882828,Zeca Loteiro 882828,5165161000126
828165,Zeca Loteiro 828165,5221652000153
935024,Zeca Loteiro 935024,6123160000132
750325,Zeca Loteiro 750325,56125306000020
112583,Zeca Loteiro 112583,
613239,Zeca Loteiro 613239,16635112000113
137,Zeca Loteiro 137,22113103000130
1172745,Zeca Loteiro 1172745,30563606
336960,Zeca Loteiro 336960,
1237421,Zeca Loteiro 1237421,33053360000103
1743789,Zeca Loteiro 1743789,6061030000153
236280,Zeca Loteiro 236280,
876570,Zeca Loteiro 876570,6065613000162
781874,Zeca Loteiro 781874,1651000113
30571,Zeca Loteiro 30571,
455441,Zeca Loteiro 455441,22311203000130
1945995,Zeca Loteiro 1945995,265233000110
749031,Zeca Loteiro 749031,10101105000160
1801248,Zeca Loteiro 1801248,
1825851,Zeca Loteiro 1825851,501602000000
4522805,Zeca Loteiro 4522805,22610231000111
1241562,Zeca Loteiro 1241562,636600000110
625760,Zeca Loteiro 625760,
1294878,Zeca Loteiro 1294878,66606023000110
448122,Zeca Loteiro 448122,21105605000152
4098692,Zeca Loteiro 4098692,1612061
1664426,Zeca Loteiro 1664426,
1233909,Zeca Loteiro 1233909,606106030
1240178,Zeca Loteiro 1240178,3220050000120
3264600,Zeca Loteiro 3264600,66606023061602
360616,Zeca Loteiro 360616,
2702942,Zeca Loteiro 2702942,5003163000111
2003872,Zeca Loteiro 2003872,6262310000100
237399,Zeca Loteiro 237399,
26195,Zeca Loteiro 26195,
1806943,Zeca Loteiro 1806943,
1799190,Zeca Loteiro 1799190,
2480857,Zeca Loteiro 2480857,636315000131
2927632,Zeca Loteiro 2927632,125113000106
696297,Zeca Loteiro 696297,1630210000003
85437,Zeca Loteiro 85437,66606023051151
1350053,Zeca Loteiro 1350053,22601263000165
1353294,Zeca Loteiro 1353294,6535131000120
1163326,Zeca Loteiro 1163326,26163613000133
638570,Zeca Loteiro 638570,6610261000060
638905,Zeca Loteiro 638905,1050362000001
85437,Zeca Loteiro 85437,66606023051151
2022262,Zeca Loteiro 2022262,6110303000130
598234,Zeca Loteiro 598234,2622255000106
2656193,Zeca Loteiro 2656193,11603153000102
793495,Zeca Loteiro 793495,56123633000010
41579,Zeca Loteiro 41579,22103006000131
1528631,Zeca Loteiro 1528631,2160130000150
726297,Zeca Loteiro 726297,10203311000113
3237582,Zeca Loteiro 3237582,1356063000110
636644,Zeca Loteiro 636644,256661015316
476559,Zeca Loteiro 476559,
828362,Zeca Loteiro 828362,6015350000161
195,Zeca Loteiro 195,
2039003,Zeca Loteiro 2039003,11506001000100
2282717,Zeca Loteiro 2282717,22216062000122
2416591,Zeca Loteiro 2416591,3310531000113
1655225,Zeca Loteiro 1655225,
1730579,Zeca Loteiro 1730579,11036652000136
2412588,Zeca Loteiro 2412588,22135036000162
874282,Zeca Loteiro 874282,22000360000122
639870,Zeca Loteiro 639870,1300116000030
394972,Zeca Loteiro 394972,22201512000101
845616,Zeca Loteiro 845616,1566161000121
2145122,Zeca Loteiro 2145122,230205000101
71003,Zeca Loteiro 71003,22563513002531
776067,Zeca Loteiro 776067,63301531000113
2104,Zeca Loteiro 2104,
2893077,Zeca Loteiro 2893077,31116000160
24942,Zeca Loteiro 24942,22565260000111
1491822,Zeca Loteiro 1491822,
2106171,Zeca Loteiro 2106171,
209161,Zeca Loteiro 209161,22021351000101
632763,Zeca Loteiro 632763,1100325000001
2793447,Zeca Loteiro 2793447,12515613000131
749031,Zeca Loteiro 749031,10101105000160
637886,Zeca Loteiro 637886,56063666000050
2692951,Zeca Loteiro 2692951,63661553000162
15098,Zeca Loteiro 15098,
4047,Zeca Loteiro 4047,
1787855,Zeca Loteiro 1787855,
1352557,Zeca Loteiro 1352557,
3435388,Zeca Loteiro 3435388,22021351000101
4517,Zeca Loteiro 4517,
455054,Zeca Loteiro 455054,22662313000111
776181,Zeca Loteiro 776181,30303000133
1612054,Zeca Loteiro 1612054,10616313000163
629252,Zeca Loteiro 629252,510306000016
2078070,Zeca Loteiro 2078070,
1054083,Zeca Loteiro 1054083,11653515000115
2810996,Zeca Loteiro 2810996,11653515000115
5202,Zeca Loteiro 5202,22216215000162
556869,Zeca Loteiro 556869,22316505000166
803238,Zeca Loteiro 803238,26263105000130
1350498,Zeca Loteiro 1350498,13130062000101
3309983,Zeca Loteiro 3309983,30001561000103
17352,Zeca Loteiro 17352,16136331000115
715,Zeca Loteiro 715,1030111000005
609244,Zeca Loteiro 609244,30352631006132
793495,Zeca Loteiro 793495,56123633000010
72027,Zeca Loteiro 72027,6600236000000
3138064,Zeca Loteiro 3138064,6532631000136
28,Zeca Loteiro 28,22360661000162
2433984,Zeca Loteiro 2433984,12130500000101
1283763,Zeca Loteiro 1283763,
1711138,Zeca Loteiro 1711138,5012652000112
1517032,Zeca Loteiro 1517032,
862792,Zeca Loteiro 862792,20066033000106
1159926,Zeca Loteiro 1159926,136363000155
2799195,Zeca Loteiro 2799195,1310165000120
3796037,Zeca Loteiro 3796037,10313632016
66,Zeca Loteiro 66,61011000010
826901,Zeca Loteiro 826901,26216611000126
3148716,Zeca Loteiro 3148716,2611103000130
632453,Zeca Loteiro 632453,1160360000006
1726539,Zeca Loteiro 1726539,10150323000155
1240981,Zeca Loteiro 1240981,232121000111
779112,Zeca Loteiro 779112,26511165000162
99775,Zeca Loteiro 99775,
3295982,Zeca Loteiro 3295982,6663065000130
1732086,Zeca Loteiro 1732086,12052311000136
85437,Zeca Loteiro 85437,66606023051151
1528631,Zeca Loteiro 1528631,2160130000150
3806876,Zeca Loteiro 3806876,3300066000111
85437,Zeca Loteiro 85437,66606023051151
85437,Zeca Loteiro 85437,66606023051151
2342759,Zeca Loteiro 2342759,160262000316
94644,Zeca Loteiro 94644,22010661000100
1203737,Zeca Loteiro 1203737,66631016000120
4071719,Zeca Loteiro 4071719,16102053000130
1610566,Zeca Loteiro 1610566,5136316000106
638905,Zeca Loteiro 638905,1050362000001
41164,Zeca Loteiro 41164,
912658,Zeca Loteiro 912658,2060311000160
837547,Zeca Loteiro 837547,22106635000133
247776,Zeca Loteiro 247776,
639658,Zeca Loteiro 639658,1030111000005
4089850,Zeca Loteiro 4089850,1556155033
2554580,Zeca Loteiro 2554580,66106620000130
1805236,Zeca Loteiro 1805236,
1826516,Zeca Loteiro 1826516,
1146556,Zeca Loteiro 1146556,3561211000123
2782164,Zeca Loteiro 2782164,2160130000150
77205,Zeca Loteiro 77205,
287910,Zeca Loteiro 287910,
112845,Zeca Loteiro 112845,22565661000126
1060872,Zeca Loteiro 1060872,22601001000111
3120074,Zeca Loteiro 3120074,5125060000106
2808542,Zeca Loteiro 2808542,2160130000150
42174,Zeca Loteiro 42174,
841936,Zeca Loteiro 841936,6010063000061
749077,Zeca Loteiro 749077,16163305000156
1983387,Zeca Loteiro 1983387,15333315000131
287771,Zeca Loteiro 287771,1226356000120
791265,Zeca Loteiro 791265,22203033000133
1855059,Zeca Loteiro 1855059,
8110,Zeca Loteiro 8110,
113271,Zeca Loteiro 113271,22662313000111
164,Zeca Loteiro 164,22360661000162
1742097,Zeca Loteiro 1742097,6156110000103
674996,Zeca Loteiro 674996,20500026000116
594766,Zeca Loteiro 594766,1525130000103
1236548,Zeca Loteiro 1236548,1321653000151
2264976,Zeca Loteiro 2264976,10131152000100
638570,Zeca Loteiro 638570,6610261000060
85437,Zeca Loteiro 85437,66606023051151
107362,Zeca Loteiro 107362,
1149121,Zeca Loteiro 1149121,21161263000136
1329247,Zeca Loteiro 1329247,
939746,Zeca Loteiro 939746,651626000102
3293780,Zeca Loteiro 3293780,6155003000100
1834502,Zeca Loteiro 1834502,16530311000103
636644,Zeca Loteiro 636644,256661015316
935188,Zeca Loteiro 935188,1313011000121
691581,Zeca Loteiro 691581,660606000060
729,Zeca Loteiro 729,15252106
3228120,Zeca Loteiro 3228120,12311360000166
2284715,Zeca Loteiro 2284715,22216062000122
801498,Zeca Loteiro 801498,261130001112
620395,Zeca Loteiro 620395,200056000035
324162,Zeca Loteiro 324162,
1063149,Zeca Loteiro 1063149,
1150188,Zeca Loteiro 1150188,22511200000116
1529696,Zeca Loteiro 1529696,6136631000160
3810690,Zeca Loteiro 3810690,163632660
91423,Zeca Loteiro 91423,
2793705,Zeca Loteiro 2793705,12515613000131
1522687,Zeca Loteiro 1522687,12612160000136
1684618,Zeca Loteiro 1684618,
2277725,Zeca Loteiro 2277725,6130611000106
749031,Zeca Loteiro 749031,10101105000160
1219448,Zeca Loteiro 1219448,
802579,Zeca Loteiro 802579,6315130000125
665,Zeca Loteiro 665,360520000051
1616651,Zeca Loteiro 1616651,11103031000160
1736864,Zeca Loteiro 1736864,510000126
4085833,Zeca Loteiro 4085833,10152620000131
37723,Zeca Loteiro 37723,
3321469,Zeca Loteiro 3321469,10233113000152
3053195,Zeca Loteiro 3053195,6031010000120
3192881,Zeca Loteiro 3192881,33530350000150
48724,Zeca Loteiro 48724,
364806,Zeca Loteiro 364806,22121261000123
632454,Zeca Loteiro 632454,1160052000016
3966,Zeca Loteiro 3966,21551000000161
618003,Zeca Loteiro 618003,16303000100
2097977,Zeca Loteiro 2097977,
243695,Zeca Loteiro 243695,
3540479,Zeca Loteiro 3540479,230205000101
793495,Zeca Loteiro 793495,56123633000010
2408096,Zeca Loteiro 2408096,3066311000100
620395,Zeca Loteiro 620395,200056000035
3148526,Zeca Loteiro 3148526,2611103000130
638652,Zeca Loteiro 638652,511310000010
885251,Zeca Loteiro 885251,3625013000103
749077,Zeca Loteiro 749077,16163305000156
48724,Zeca Loteiro 48724,
455054,Zeca Loteiro 455054,22662313000111
1733408,Zeca Loteiro 1733408,6635116000161
1153897,Zeca Loteiro 1153897,21063213000661
383731,Zeca Loteiro 383731,
1740466,Zeca Loteiro 1740466,3626165000110
112845,Zeca Loteiro 112845,22565661000126
408648,Zeca Loteiro 408648,16221020000101
793495,Zeca Loteiro 793495,56123633000010
1051556,Zeca Loteiro 1051556,
2134266,Zeca Loteiro 2134266,
562844,Zeca Loteiro 562844,22060531000101
1147596,Zeca Loteiro 1147596,22662313000111
3221674,Zeca Loteiro 3221674,2632015000111
2491427,Zeca Loteiro 2491427,10210013000106
112845,Zeca Loteiro 112845,22565661000126
1662834,Zeca Loteiro 1662834,
63631,Zeca Loteiro 63631,63003112000106
37366,Zeca Loteiro 37366,105513133
28,Zeca Loteiro 28,22360661000162
845602,Zeca Loteiro 845602,3103163000125
472900,Zeca Loteiro 472900,
1211835,Zeca Loteiro 1211835,
726383,Zeca Loteiro 726383,21651503000106
1306877,Zeca Loteiro 1306877,10660303000100
1217,Zeca Loteiro 1217,
667590,Zeca Loteiro 667590,33300510000160
5713,Zeca Loteiro 5713,22612656000603
17471,Zeca Loteiro 17471,30111120000113
556869,Zeca Loteiro 556869,22316505000166
2965036,Zeca Loteiro 2965036,22662313000111
1614539,Zeca Loteiro 1614539,11136323000115
2693290,Zeca Loteiro 2693290,2226620000156
2266351,Zeca Loteiro 2266351,13116051000162
901941,Zeca Loteiro 901941,66606023000110
686,Zeca Loteiro 686,61213102
1528631,Zeca Loteiro 1528631,2160130000150
1153506,Zeca Loteiro 1153506,22055101000112
698974,Zeca Loteiro 698974,20502016000163
49174,Zeca Loteiro 49174,100066165
1746545,Zeca Loteiro 1746545,11135530000105
2292055,Zeca Loteiro 2292055,12320113000151
3114736,Zeca Loteiro 3114736,11363333000103
411247,Zeca Loteiro 411247,16620503006211
912219,Zeca Loteiro 912219,22312106000126
1378308,Zeca Loteiro 1378308,3111360000123
1952313,Zeca Loteiro 1952313,22162152000213
3317669,Zeca Loteiro 3317669,1113336000103
675175,Zeca Loteiro 675175,1355133000160
1205025,Zeca Loteiro 1205025,1050362000001
2543687,Zeca Loteiro 2543687,30533626000133
3496453,Zeca Loteiro 3496453,30100506000101
1059576,Zeca Loteiro 1059576,
3454419,Zeca Loteiro 3454419,22110215000115
3380094,Zeca Loteiro 3380094,22502651000113
738205,Zeca Loteiro 738205,6031056000150
1748535,Zeca Loteiro 1748535,5300662000166
3360573,Zeca Loteiro 3360573,6603062000100
2304535,Zeca Loteiro 2304535,10002312000161
71657,Zeca Loteiro 71657,
1815664,Zeca Loteiro 1815664,
3259776,Zeca Loteiro 3259776,16335616000111
259986,Zeca Loteiro 259986,
698539,Zeca Loteiro 698539,6030501000000
680669,Zeca Loteiro 680669,22033103056360
476558,Zeca Loteiro 476558,
125607,Zeca Loteiro 125607,
2679546,Zeca Loteiro 2679546,22216062000122
175468,Zeca Loteiro 175468,
2271920,Zeca Loteiro 2271920,22131630000106
802912,Zeca Loteiro 802912,21360360000106
112845,Zeca Loteiro 112845,22565661000126
2271289,Zeca Loteiro 2271289,31061256000030
658,Zeca Loteiro 658,22330103000166
22306,Zeca Loteiro 22306,
492405,Zeca Loteiro 492405,21066301000100
1752355,Zeca Loteiro 1752355,
638612,Zeca Loteiro 638612,210635000000
2779880,Zeca Loteiro 2779880,16566236000160
529052,Zeca Loteiro 529052,256661003535
1299626,Zeca Loteiro 1299626,
1745834,Zeca Loteiro 1745834,16356210000112
924869,Zeca Loteiro 924869,66010361000161
85437,Zeca Loteiro 85437,66606023051151
793495,Zeca Loteiro 793495,56123633000010
408646,Zeca Loteiro 408646,
934387,Zeca Loteiro 934387,63313602000100
85437,Zeca Loteiro 85437,66606023051151
225400,Zeca Loteiro 225400,16560252000136
1678254,Zeca Loteiro 1678254,16130360000131
3127697,Zeca Loteiro 3127697,10006166000121
2690741,Zeca Loteiro 2690741,66606023000110
206,Zeca Loteiro 206,
85437,Zeca Loteiro 85437,66606023051151
1649222,Zeca Loteiro 1649222,
3246277,Zeca Loteiro 3246277,22502651000113
3793799,Zeca Loteiro 3793799,66606023000110
2270692,Zeca Loteiro 2270692,21536500000121
112845,Zeca Loteiro 112845,22565661000126
1240098,Zeca Loteiro 1240098,3220050000120
3237750,Zeca Loteiro 3237750,66631016000120
137,Zeca Loteiro 137,22113103000130
829074,Zeca Loteiro 829074,66606023000110
37508,Zeca Loteiro 37508,
1207706,Zeca Loteiro 1207706,
3381514,Zeca Loteiro 3381514,21033103000136
774658,Zeca Loteiro 774658,33300510000160
112845,Zeca Loteiro 112845,22565661000126
223215,Zeca Loteiro 223215,
4096326,Zeca Loteiro 4096326,3220050000120
362,Zeca Loteiro 362,
133,Zeca Loteiro 133,261511062015
752581,Zeca Loteiro 752581,22300015000133
1657553,Zeca Loteiro 1657553,5500602000101
455054,Zeca Loteiro 455054,22662313000111
4091468,Zeca Loteiro 4091468,22502651000113
636152,Zeca Loteiro 636152,66606023000110
620395,Zeca Loteiro 620395,200056000035
626396,Zeca Loteiro 626396,66606023000110
597394,Zeca Loteiro 597394,22036361000610
723356,Zeca Loteiro 723356,2010210000113
15317,Zeca Loteiro 15317,
792416,Zeca Loteiro 792416,22121313000150
1626693,Zeca Loteiro 1626693,3560156016
406557,Zeca Loteiro 406557,
748806,Zeca Loteiro 748806,10122211000106
911586,Zeca Loteiro 911586,63101106000130
1974740,Zeca Loteiro 1974740,10251361000102
1716719,Zeca Loteiro 1716719,1036531000156
749208,Zeca Loteiro 749208,10605136000166
272,Zeca Loteiro 272,
2588362,Zeca Loteiro 2588362,22136553000151
1309963,Zeca Loteiro 1309963,50625123000110
1855655,Zeca Loteiro 1855655,103231563
7698,Zeca Loteiro 7698,
2809196,Zeca Loteiro 2809196,2160130000150
3203822,Zeca Loteiro 3203822,21361663000100
1795258,Zeca Loteiro 1795258,
2485435,Zeca Loteiro 2485435,16126666000132
1325682,Zeca Loteiro 1325682,22361355000166
1756270,Zeca Loteiro 1756270,21063213000661
2270482,Zeca Loteiro 2270482,1011325000130
3341277,Zeca Loteiro 3341277,16613263000101
1242657,Zeca Loteiro 1242657,1160000153
749031,Zeca Loteiro 749031,10101105000160
111384,Zeca Loteiro 111384,1060611000061
4507803,Zeca Loteiro 4507803,1515363000100
112845,Zeca Loteiro 112845,22565661000126
639899,Zeca Loteiro 639899,1311505000060
699636,Zeca Loteiro 699636,161132000133
575067,Zeca Loteiro 575067,22130602000136
25060,Zeca Loteiro 25060,1030352000005
3177266,Zeca Loteiro 3177266,2656313000136
828504,Zeca Loteiro 828504,3262000102
3182592,Zeca Loteiro 3182592,15632316121
793495,Zeca Loteiro 793495,56123633000010
2798223,Zeca Loteiro 2798223,15301331000103
2781182,Zeca Loteiro 2781182,2160130000150
1688056,Zeca Loteiro 1688056,33050503030000
168569,Zeca Loteiro 168569,
85437,Zeca Loteiro 85437,66606023051151
1125836,Zeca Loteiro 1125836,611216000602
749258,Zeca Loteiro 749258,21602110000110
2030353,Zeca Loteiro 2030353,
802912,Zeca Loteiro 802912,21360360000106
841069,Zeca Loteiro 841069,322302000103
661686,Zeca Loteiro 661686,1661166000000
793994,Zeca Loteiro 793994,
749031,Zeca Loteiro 749031,10101105000160
2266360,Zeca Loteiro 2266360,10210063000113
1613478,Zeca Loteiro 1613478,2110011000110
816467,Zeca Loteiro 816467,16506020000126
2024765,Zeca Loteiro 2024765,22502651000113
1630695,Zeca Loteiro 1630695,
161673,Zeca Loteiro 161673,
1993210,Zeca Loteiro 1993210,3013021000166
597,Zeca Loteiro 597,
935295,Zeca Loteiro 935295,6550606000103
3180716,Zeca Loteiro 3180716,6000660000120
1526382,Zeca Loteiro 1526382,11061606000153
1370991,Zeca Loteiro 1370991,3033360000156
85437,Zeca Loteiro 85437,66606023051151
3378470,Zeca Loteiro 3378470,22502651000113
787118,Zeca Loteiro 787118,10101105000160
2948706,Zeca Loteiro 2948706,13000030000106
636644,Zeca Loteiro 636644,256661015316
1935705,Zeca Loteiro 1935705,636600000110
1241396,Zeca Loteiro 1241396,26636550000120
884558,Zeca Loteiro 884558,1103560000125
2430428,Zeca Loteiro 2430428,66052633000116
800635,Zeca Loteiro 800635,22166010000101
2318887,Zeca Loteiro 2318887,22526101000122
1710513,Zeca Loteiro 1710513,6060165000166
921766,Zeca Loteiro 921766,10101105000160
85437,Zeca Loteiro 85437,66606023051151
597338,Zeca Loteiro 597338,26603333000163
4046,Zeca Loteiro 4046,56123633000010
362,Zeca Loteiro 362,
535991,Zeca Loteiro 535991,22201631000005
19947,Zeca Loteiro 19947,
1760838,Zeca Loteiro 1760838,1011625000006
269356,Zeca Loteiro 269356,22025523000100
1349885,Zeca Loteiro 1349885,6136153000112
202976,Zeca Loteiro 202976,
1943026,Zeca Loteiro 1943026,10602561000120
1459237,Zeca Loteiro 1459237,66606023051151
48724,Zeca Loteiro 48724,
1206336,Zeca Loteiro 1206336,20331111000100
2787704,Zeca Loteiro 2787704,635626000162
401721,Zeca Loteiro 401721,
136669,Zeca Loteiro 136669,30013613000116
1522687,Zeca Loteiro 1522687,12612160000136
3809746,Zeca Loteiro 3809746,63661553000162
1244550,Zeca Loteiro 1244550,
85437,Zeca Loteiro 85437,66606023051151
195,Zeca Loteiro 195,
638905,Zeca Loteiro 638905,1050362000001
1830503,Zeca Loteiro 1830503,360016000163
2318951,Zeca Loteiro 2318951,2602031000151
2903511,Zeca Loteiro 2903511,3510003000131
725515,Zeca Loteiro 725515,1636033000100
1137,Zeca Loteiro 1137,315130000152
1339834,Zeca Loteiro 1339834,
3407208,Zeca Loteiro 3407208,16163321000133
48711,Zeca Loteiro 48711,21000123000160
1991045,Zeca Loteiro 1991045,10635260000160
183423,Zeca Loteiro 183423,
466030,Zeca Loteiro 466030,
405235,Zeca Loteiro 405235,22121113000160
4087543,Zeca Loteiro 4087543,1515363000100
48711,Zeca Loteiro 48711,21000123000160
3139055,Zeca Loteiro 3139055,2066121000130
1494894,Zeca Loteiro 1494894,66653652000151
803308,Zeca Loteiro 803308,3633311000105
1934439,Zeca Loteiro 1934439,6512121000110
3242260,Zeca Loteiro 3242260,22662313000111
1176613,Zeca Loteiro 1176613,
3183807,Zeca Loteiro 3183807,16263353000101
638570,Zeca Loteiro 638570,6610261000060
85437,Zeca Loteiro 85437,66606023051151
3336911,Zeca Loteiro 3336911,1553111000153
815738,Zeca Loteiro 815738,22501013000151
4510170,Zeca Loteiro 4510170,11220052000135
793495,Zeca Loteiro 793495,56123633000010
212904,Zeca Loteiro 212904,1330263000001
1146983,Zeca Loteiro 1146983,22360661000162
2110956,Zeca Loteiro 2110956,
85437,Zeca Loteiro 85437,66606023051151
48724,Zeca Loteiro 48724,
1242343,Zeca Loteiro 1242343,3326605000100
697517,Zeca Loteiro 697517,6130251000001
3343939,Zeca Loteiro 3343939,22203033000133
164101,Zeca Loteiro 164101,
749031,Zeca Loteiro 749031,10101105000160
3252718,Zeca Loteiro 3252718,66363312000131
529052,Zeca Loteiro 529052,256661003535
597597,Zeca Loteiro 597597,10263330000121
3187642,Zeca Loteiro 3187642,33300510000160
198619,Zeca Loteiro 198619,
8228,Zeca Loteiro 8228,
3805463,Zeca Loteiro 3805463,16250132000163
1514093,Zeca Loteiro 1514093,22030153000100
1240653,Zeca Loteiro 1240653,1103560000125
1746430,Zeca Loteiro 1746430,12026602000120
1809719,Zeca Loteiro 1809719,
85437,Zeca Loteiro 85437,66606023051151
3544805,Zeca Loteiro 3544805,22601365000121
126677,Zeca Loteiro 126677,
1327014,Zeca Loteiro 1327014,30366011000115
2689828,Zeca Loteiro 2689828,66606023000110
638905,Zeca Loteiro 638905,1050362000001
3133678,Zeca Loteiro 3133678,13015315000130
1243737,Zeca Loteiro 1243737,3033505000161
1615061,Zeca Loteiro 1615061,36265513001113
1147021,Zeca Loteiro 1147021,261130001112
169290,Zeca Loteiro 169290,
1195555,Zeca Loteiro 1195555,66230066000136
864189,Zeca Loteiro 864189,136363006100
4097434,Zeca Loteiro 4097434,16615633000111
632763,Zeca Loteiro 632763,1100325000001
1052739,Zeca Loteiro 1052739,
1060508,Zeca Loteiro 1060508,60036521000156
432744,Zeca Loteiro 432744,
1606840,Zeca Loteiro 1606840,136363006100
409700,Zeca Loteiro 409700,256661003535
49230,Zeca Loteiro 49230,1311505000060
37338,Zeca Loteiro 37338,
1613342,Zeca Loteiro 1613342,1133336000106
1480247,Zeca Loteiro 1480247,660606000060
2679544,Zeca Loteiro 2679544,22216062000122
2148099,Zeca Loteiro 2148099,61606615000131
1342733,Zeca Loteiro 1342733,
1096196,Zeca Loteiro 1096196,10256125000136
1239557,Zeca Loteiro 1239557,136363006100
1743935,Zeca Loteiro 1743935,16302316000112
1060215,Zeca Loteiro 1060215,66503102000105
1220086,Zeca Loteiro 1220086,10662630000106
17352,Zeca Loteiro 17352,16136331000115
424544,Zeca Loteiro 424544,22553206000515
1178707,Zeca Loteiro 1178707,63636103000120
598478,Zeca Loteiro 598478,13500233000266
1823956,Zeca Loteiro 1823956,
3584545,Zeca Loteiro 3584545,5261315000132
1447854,Zeca Loteiro 1447854,3066152000113
777530,Zeca Loteiro 777530,6212363000160
775885,Zeca Loteiro 775885,22113103000130
1136321,Zeca Loteiro 1136321,22216062000122
112845,Zeca Loteiro 112845,22565661000126
88403,Zeca Loteiro 88403,
1798894,Zeca Loteiro 1798894,
779029,Zeca Loteiro 779029,1665010000101
1504956,Zeca Loteiro 1504956,
1721684,Zeca Loteiro 1721684,12336321000103
2035289,Zeca Loteiro 2035289,
159468,Zeca Loteiro 159468,22502651000113
636644,Zeca Loteiro 636644,256661015316
1127201,Zeca Loteiro 1127201,21003516000110
802171,Zeca Loteiro 802171,22602035001156
699852,Zeca Loteiro 699852,22103620000166
4075561,Zeca Loteiro 4075561,3220050000120
1151358,Zeca Loteiro 1151358,22321111000163
638905,Zeca Loteiro 638905,1050362000001
793495,Zeca Loteiro 793495,56123633000010
1136853,Zeca Loteiro 1136853,16163022000113
3796965,Zeca Loteiro 3796965,60003001000153
1204669,Zeca Loteiro 1204669,
749031,Zeca Loteiro 749031,10101105000160
597568,Zeca Loteiro 597568,20651312000115
3232996,Zeca Loteiro 3232996,36263102
2722669,Zeca Loteiro 2722669,10663335000105
106572,Zeca Loteiro 106572,22013603000120
3367330,Zeca Loteiro 3367330,22613015000161
174634,Zeca Loteiro 174634,
774675,Zeca Loteiro 774675,56316016000116
1224263,Zeca Loteiro 1224263,66516111000110
742680,Zeca Loteiro 742680,5060113000130
85437,Zeca Loteiro 85437,66606023051151
1493649,Zeca Loteiro 1493649,
1327178,Zeca Loteiro 1327178,
2044405,Zeca Loteiro 2044405,
1150188,Zeca Loteiro 1150188,22511200000116
1055498,Zeca Loteiro 1055498,320110000003
2020281,Zeca Loteiro 2020281,15060255000151
540222,Zeca Loteiro 540222,16160162000112
16062,Zeca Loteiro 16062,
1606840,Zeca Loteiro 1606840,136363006100
4101712,Zeca Loteiro 4101712,21016013000150
575067,Zeca Loteiro 575067,22130602000136
774591,Zeca Loteiro 774591,10101105000160
1636442,Zeca Loteiro 1636442,100030000001
4073250,Zeca Loteiro 4073250,11160606000110
16942,Zeca Loteiro 16942,
732587,Zeca Loteiro 732587,21602011000130
17688,Zeca Loteiro 17688,22210615000266
1821293,Zeca Loteiro 1821293,
844415,Zeca Loteiro 844415,1313333000105
1335300,Zeca Loteiro 1335300,66606023051151
174917,Zeca Loteiro 174917,
638905,Zeca Loteiro 638905,1050362000001
215307,Zeca Loteiro 215307,22052360000113
112845,Zeca Loteiro 112845,22565661000126
1938486,Zeca Loteiro 1938486,3150661000113
2389074,Zeca Loteiro 2389074,61021663000163
767455,Zeca Loteiro 767455,6111122000120
3210982,Zeca Loteiro 3210982,20163001000102
1726638,Zeca Loteiro 1726638,33363636000163
47434,Zeca Loteiro 47434,261130001112
1136321,Zeca Loteiro 1136321,22216062000122
8546,Zeca Loteiro 8546,
455054,Zeca Loteiro 455054,22662313000111
793495,Zeca Loteiro 793495,56123633000010
2692859,Zeca Loteiro 2692859,66606023000110
2140933,Zeca Loteiro 2140933,610560000001
884558,Zeca Loteiro 884558,1103560000125
409700,Zeca Loteiro 409700,256661003535
137,Zeca Loteiro 137,22113103000130
455054,Zeca Loteiro 455054,22662313000111
4076022,Zeca Loteiro 4076022,22036665000161
1673385,Zeca Loteiro 1673385,1021133000006
1299755,Zeca Loteiro 1299755,16656135000101
82006,Zeca Loteiro 82006,22311332000111
3242898,Zeca Loteiro 3242898,63310010156
112845,Zeca Loteiro 112845,22565661000126
1755176,Zeca Loteiro 1755176,3511030000166
48723,Zeca Loteiro 48723,
2546268,Zeca Loteiro 2546268,1103560000125
751371,Zeca Loteiro 751371,1263305000161
639259,Zeca Loteiro 639259,360520000051
82006,Zeca Loteiro 82006,22311332000111
188,Zeca Loteiro 188,
1301325,Zeca Loteiro 1301325,
1182,Zeca Loteiro 1182,22360661000162
4456506,Zeca Loteiro 4456506,16531163000160
639326,Zeca Loteiro 639326,61011000010
37617,Zeca Loteiro 37617,
85437,Zeca Loteiro 85437,66606023051151
463207,Zeca Loteiro 463207,22011553000163
47434,Zeca Loteiro 47434,261130001112
1323533,Zeca Loteiro 1323533,
636644,Zeca Loteiro 636644,256661015316
422887,Zeca Loteiro 422887,
58856,Zeca Loteiro 58856,
636644,Zeca Loteiro 636644,256661015316
3807175,Zeca Loteiro 3807175,66106620000130
2483865,Zeca Loteiro 2483865,2160130000150
3320885,Zeca Loteiro 3320885,3633011000105
620395,Zeca Loteiro 620395,200056000035
2691907,Zeca Loteiro 2691907,66606023000110
1650900,Zeca Loteiro 1650900,
3801189,Zeca Loteiro 3801189,66631016000120
1051279,Zeca Loteiro 1051279,16601560000106
